{"cameraMode":{"drawMode":0,"name":"Shaded","section":"Shading Mode"},"sceneLighting":false,"audioPlay":false,"sceneViewState":{"showFog":true,"showMaterialUpdate":false,"showSkybox":true,"showFlares":true,"showImageEffects":true,"showParticleSystems":true},"in2DMode":false,"pivot":{"x":77.88397216796875,"y":17.883285522460939,"z":53.60297393798828},"rotation":{"x":-0.6563584208488464,"y":0.010230835527181626,"z":-0.00791812501847744,"w":-0.7546951174736023},"size":76.63318634033203,"orthographic":false}