{"cameraMode":{"drawMode":0,"name":"Shaded","section":"Shading Mode"},"sceneLighting":false,"audioPlay":false,"sceneViewState":{"showFog":true,"showMaterialUpdate":false,"showSkybox":true,"showFlares":true,"showImageEffects":true,"showParticleSystems":true},"in2DMode":false,"pivot":{"x":24.182926177978517,"y":-0.650970458984375,"z":0.7168769836425781},"rotation":{"x":-0.5784811973571777,"y":-0.012440003454685212,"z":0.009418156929314137,"w":-0.8158072829246521},"size":46.6734733581543,"orthographic":false}