{"cameraMode":{"drawMode":0,"name":"Shaded","section":"Shading Mode"},"sceneLighting":false,"audioPlay":false,"sceneViewState":{"showFog":true,"showMaterialUpdate":false,"showSkybox":true,"showFlares":true,"showImageEffects":true,"showParticleSystems":true},"in2DMode":false,"pivot":{"x":206.7781219482422,"y":15.910247802734375,"z":122.76655578613281},"rotation":{"x":-0.6983364224433899,"y":0.0033288211561739446,"z":-0.002192268380895257,"w":-0.7161372900009155},"size":218.73045349121095,"orthographic":false}