{"cameraMode":{"drawMode":0,"name":"Shaded","section":"Shading Mode"},"sceneLighting":false,"audioPlay":false,"sceneViewState":{"showFog":true,"showMaterialUpdate":false,"showSkybox":true,"showFlares":true,"showImageEffects":true,"showParticleSystems":true},"in2DMode":false,"pivot":{"x":68.56859588623047,"y":-7.162468910217285,"z":51.288883209228519},"rotation":{"x":-0.6918373703956604,"y":0.010605206713080407,"z":-0.007600134238600731,"w":-0.7223392128944397},"size":83.37992858886719,"orthographic":false}