{"cameraMode":{"drawMode":0,"name":"Shaded","section":"Shading Mode"},"sceneLighting":false,"audioPlay":false,"sceneViewState":{"showFog":true,"showMaterialUpdate":false,"showSkybox":true,"showFlares":true,"showImageEffects":true,"showParticleSystems":true},"in2DMode":false,"pivot":{"x":75.55127716064453,"y":-0.35162353515625,"z":53.96638488769531},"rotation":{"x":0.41132625937461855,"y":-0.03156789019703865,"z":0.012541666626930237,"w":0.9113618731498718},"size":49.40184783935547,"orthographic":false}