{"cameraMode":{"drawMode":0,"name":"Shaded","section":"Shading Mode"},"sceneLighting":false,"audioPlay":false,"sceneViewState":{"showFog":true,"showMaterialUpdate":false,"showSkybox":true,"showFlares":true,"showImageEffects":true,"showParticleSystems":true},"in2DMode":false,"pivot":{"x":77.69464111328125,"y":-5.02734375,"z":34.44392395019531},"rotation":{"x":-0.6886793375015259,"y":0.002027335809543729,"z":0.0008014384657144547,"w":-0.7255772352218628},"size":82.62124633789063,"orthographic":false}