{"cameraMode":{"drawMode":0,"name":"Shaded","section":"Shading Mode"},"sceneLighting":false,"audioPlay":false,"sceneViewState":{"showFog":true,"showMaterialUpdate":false,"showSkybox":true,"showFlares":true,"showImageEffects":true,"showParticleSystems":true},"in2DMode":false,"pivot":{"x":15.510391235351563,"y":-11.982683181762696,"z":-13.57363510131836},"rotation":{"x":-0.5821880102157593,"y":0.006990112829953432,"z":-0.004698500502854586,"w":-0.8132374882698059},"size":19.59241485595703,"orthographic":false}