{"cameraMode":{"drawMode":0,"name":"Shaded","section":"Shading Mode"},"sceneLighting":false,"audioPlay":false,"sceneViewState":{"showFog":true,"showMaterialUpdate":false,"showSkybox":true,"showFlares":true,"showImageEffects":true,"showParticleSystems":true},"in2DMode":false,"pivot":{"x":188.40769958496095,"y":147.9263916015625,"z":154.49436950683595},"rotation":{"x":-0.6687365770339966,"y":-0.0011488761520013214,"z":0.0018544174963608385,"w":-0.7438009977340698},"size":138.92324829101563,"orthographic":false}